{
  "backend\\db.js": 1777711061.6648252,
  "backend\\server.js": 1777708270.3330865,
  "backend\\data\\mockMovies.js": 1777654232.102495,
  "backend\\middleware\\auth.js": 1777674907.3509262,
  "backend\\routes\\admin.js": 1777711071.2527,
  "backend\\routes\\auth.js": 1777709774.8478568,
  "backend\\routes\\favorites.js": 1777674950.5930288,
  "backend\\routes\\movies.js": 1777673611.4668407,
  "backend\\routes\\tracking.js": 1777711078.8372395,
  "backend\\routes\\watchHistory.js": 1777674957.8980255,
  "backend\\utils\\email.js": 1777667323.790086,
  "frontend\\eslint.config.js": 1777462866.3172915,
  "frontend\\vite.config.js": 1777462866.3386006,
  "frontend\\src\\App.jsx": 1777711126.469973,
  "frontend\\src\\main.jsx": 1777665971.6792963,
  "frontend\\src\\components\\Row.jsx": 1777710598.9227364,
  "frontend\\src\\components\\layout\\AnnouncementBanner.jsx": 1777711397.4254234,
  "frontend\\src\\components\\layout\\Sidebar.jsx": 1777675203.7858596,
  "frontend\\src\\components\\layout\\TopNav.jsx": 1777708420.4587653,
  "frontend\\src\\components\\profile\\ProfileModal.jsx": 1777709848.9141846,
  "frontend\\src\\context\\AuthContext.jsx": 1777709794.49406,
  "frontend\\src\\context\\ThemeContext.jsx": 1777654259.4263415,
  "frontend\\src\\pages\\AdminDashboard.jsx": 1777711566.5641944,
  "frontend\\src\\pages\\Category.jsx": 1777656690.172825,
  "frontend\\src\\pages\\Home.jsx": 1777674600.866371,
  "frontend\\src\\pages\\Login.jsx": 1777671278.4483404,
  "frontend\\src\\pages\\MovieDetail.jsx": 1777706111.2861817,
  "frontend\\src\\pages\\MyList.jsx": 1777698867.885689,
  "frontend\\src\\pages\\Player.jsx": 1777656482.222794,
  "frontend\\src\\pages\\Search.jsx": 1777656424.9359155,
  "frontend\\src\\pages\\WatchHistory.jsx": 1777707795.2255914,
  "frontend\\src\\utils\\api.js": 1777673819.6788788,
  "Scrapper\\crawler.js": 1777678175.2216728,
  "Scrapper\\movieCrawler.js": 1777705661.2646317,
  "Scrapper\\scraper.js": 1777677612.663018,
  "Scrapper\\server.js": 1777700706.5535965,
  "Scrapper\\public\\app.js": 1777697878.7044272,
  "Scrapper\\utils\\logger.js": 1777677533.9415908,
  "Scrapper\\utils\\resolver.js": 1777677456.4272704,
  "frontend\\index.html": 1777654002.4925125,
  "frontend\\README.md": 1777462866.4268806,
  "Scrapper\\movie_links.txt": 1777697691.4668322,
  "Scrapper\\public\\index.html": 1777697895.6176844,
  "backend\\uploads\\avatars\\avatar-1777708755082-276313708.png": 1777708755.100908,
  "frontend\\public\\AuraMovie_logo.png.png": 1777669917.9059472,
  "frontend\\public\\AuraWatch Logo.png": 1777668725.9325633,
  "frontend\\public\\favicon.svg": 1777462866.506076,
  "frontend\\public\\icons.svg": 1777462866.5402918,
  "frontend\\src\\assets\\hero.png": 1777462866.4582553,
  "frontend\\src\\assets\\react.svg": 1777462866.5760477,
  "frontend\\src\\assets\\vite.svg": 1777462866.604953
}